{
    "accuracy": 37.9,
    "precision": 38.81208397337429,
    "recall": 37.9,
    "f1_score": 38.350619782443715
}