{
    "exam_score": 45.56962025316456,
    "precision": 52.21987315010571,
    "recall": 47.408829174664106,
    "f1_score": 49.69818913480886
}