{
    "exam_score": 57.59493670886076,
    "precision": 64.34599156118144,
    "recall": 58.54126679462573,
    "f1_score": 61.30653266331658
}