{
    "exam_score": 78.51528384279476,
    "precision": 78.1074578989575,
    "recall": 85.06550218340611,
    "f1_score": 81.43812709030101
}