{
    "exam_score": 87.4235807860262,
    "precision": 87.4235807860262,
    "recall": 87.4235807860262,
    "f1_score": 87.4235807860262
}