{
    "exam_score": 60.970464135021096,
    "precision": 65.77946768060836,
    "recall": 66.41074856046065,
    "f1_score": 66.09360076408787
}