{
    "exam_score": 47.89029535864979,
    "precision": 54.85232067510548,
    "recall": 49.90403071017274,
    "f1_score": 52.26130653266331
}