{
    "exam_score": 58.860759493670884,
    "precision": 64.28571428571429,
    "recall": 63.91554702495201,
    "f1_score": 64.10009624639076
}