{
    "no_format": 0.002109704641350211,
    "accuracy": 0.5907172995780591,
    "f1_micro": 0.5907172995780591,
    "f1_macro": 0.19675677731564872,
    "f1_weighted": 0.5852418747414181
}