{
    "exam_score": 59.28270042194093,
    "precision": 64.23076923076924,
    "recall": 64.10748560460652,
    "f1_score": 64.16906820365035
}