{
    "no_format": 0.002109704641350211,
    "accuracy": 0.45147679324894513,
    "f1_micro": 0.45147679324894513,
    "f1_macro": 0.02166132163162491,
    "f1_weighted": 0.454245886344472
}