{
    "exam_score": 48.52320675105485,
    "precision": 55.78512396694215,
    "recall": 51.82341650671785,
    "f1_score": 53.73134328358209
}