{
    "accuracy": 80.5,
    "precision": 90.09513150531617,
    "recall": 80.5,
    "f1_score": 85.02772643253235
}