{
    "exam_score": 59.70464135021097,
    "precision": 65.74257425742574,
    "recall": 63.72360844529751,
    "f1_score": 64.71734892787525
}