{
    "accuracy": 34.8,
    "precision": 35.32994923857868,
    "recall": 34.8,
    "f1_score": 35.06297229219143
}