{
    "exam_score": 79.12663755458516,
    "precision": 79.03225806451613,
    "recall": 85.58951965065502,
    "f1_score": 82.18029350104821
}