{
    "accuracy": 67.45,
    "precision": 67.686904164576,
    "recall": 67.45,
    "f1_score": 67.56824442774855
}