{
    "accuracy": 34.75,
    "precision": 35.332994407727504,
    "recall": 34.75,
    "f1_score": 35.03907234686161
}