{
    "exam_score": 78.42794759825327,
    "precision": 77.9591836734694,
    "recall": 83.4061135371179,
    "f1_score": 80.59071729957806
}