{
    "exam_score": 88.5589519650655,
    "precision": 88.5589519650655,
    "recall": 88.5589519650655,
    "f1_score": 88.5589519650655
}