{"_runtime": 5301.323175430298, "_step": 33, "_timestamp": 1742656130.0678854, "train/completion_length": 98.15625, "train/epoch": 0.5079365079365079, "train/global_step": 32, "train/grad_norm": 2.1285221576690674, "train/kl": 0.00012063980102539062, "train/learning_rate": 4.980160148265065e-07, "train/loss": 0.0, "train/reward": 0.65625, "train/reward_std": 0.48613589629530907, "train/rewards/accuracy_reward": 0.0625, "train/rewards/format_reward": 0.0, "train/rewards/image_reward": 0.59375}