{
    "exam_score": 44.09282700421941,
    "precision": 50.0,
    "recall": 45.489443378119006,
    "f1_score": 47.638190954773876
}