{
    "accuracy": 70.55,
    "precision": 70.72681704260651,
    "recall": 70.55,
    "f1_score": 70.63829787234043
}