{
    "exam_score": 59.28270042194093,
    "precision": 65.22593320235757,
    "recall": 63.72360844529751,
    "f1_score": 64.46601941747574
}