{
    "exam_score": 85.41484716157206,
    "precision": 85.4895104895105,
    "recall": 85.41484716157206,
    "f1_score": 85.4521625163827
}