{
    "accuracy": 44.2,
    "precision": 44.44444444444444,
    "recall": 44.2,
    "f1_score": 44.3218851842567
}