{
    "exam_score": 57.38396624472574,
    "precision": 62.99212598425197,
    "recall": 61.42034548944337,
    "f1_score": 62.19630709426628
}