{
    "accuracy": 37.45,
    "precision": 39.62962962962963,
    "recall": 37.45,
    "f1_score": 38.508997429305914
}