{
    "exam_score": 88.29694323144105,
    "precision": 88.29694323144105,
    "recall": 88.29694323144105,
    "f1_score": 88.29694323144105
}