{
    "accuracy": 70.25,
    "precision": 70.42606516290726,
    "recall": 70.25,
    "f1_score": 70.33792240300376
}