{
    "exam_score": 60.75949367088607,
    "precision": 65.85365853658537,
    "recall": 67.37044145873321,
    "f1_score": 66.6034155597723
}