{
    "exam_score": 49.15611814345991,
    "precision": 55.69620253164557,
    "recall": 50.67178502879079,
    "f1_score": 53.065326633165824
}