{
    "exam_score": 45.9915611814346,
    "precision": 53.37552742616034,
    "recall": 48.56046065259117,
    "f1_score": 50.85427135678392
}