{
    "no_format": 0.0,
    "accuracy": 0.5843881856540084,
    "f1_micro": 0.5843881856540084,
    "f1_macro": 0.2236433342903406,
    "f1_weighted": 0.5793671969524824
}