{
    "exam_score": 58.438818565400844,
    "precision": 63.0859375,
    "recall": 61.99616122840691,
    "f1_score": 62.53630203291384
}