{
    "exam_score": 86.8122270742358,
    "precision": 86.8122270742358,
    "recall": 86.8122270742358,
    "f1_score": 86.8122270742358
}