{
    "exam_score": 45.9915611814346,
    "precision": 51.89873417721519,
    "recall": 47.216890595009595,
    "f1_score": 49.447236180904525
}