{
    "exam_score": 88.0349344978166,
    "precision": 88.0349344978166,
    "recall": 88.0349344978166,
    "f1_score": 88.0349344978166
}