{
    "exam_score": 44.72573839662447,
    "precision": 51.89873417721519,
    "recall": 47.216890595009595,
    "f1_score": 49.447236180904525
}