{
    "exam_score": 85.1528384279476,
    "precision": 85.22727272727273,
    "recall": 85.1528384279476,
    "f1_score": 85.19003931847968
}