{
    "exam_score": 47.46835443037975,
    "precision": 55.06329113924051,
    "recall": 50.09596928982726,
    "f1_score": 52.462311557788944
}