{
    "exam_score": 49.36708860759494,
    "precision": 57.17299578059072,
    "recall": 52.01535508637236,
    "f1_score": 54.47236180904523
}