{
    "no_format": 0.0,
    "accuracy": 0.4451476793248945,
    "f1_micro": 0.4451476793248945,
    "f1_macro": 0.024189589309836255,
    "f1_weighted": 0.4533820319972892
}