{
    "exam_score": 47.89029535864979,
    "precision": 54.71698113207547,
    "recall": 50.09596928982726,
    "f1_score": 52.30460921843688
}