{
    "accuracy": 87.55,
    "precision": 89.29117797042325,
    "recall": 87.55,
    "f1_score": 88.41201716738196
}