{
    "accuracy": 56.95,
    "precision": 63.38341680578742,
    "recall": 56.95,
    "f1_score": 59.99473268369765
}