{
    "no_format": 0.004219409282700422,
    "accuracy": 0.45358649789029537,
    "f1_micro": 0.45358649789029537,
    "f1_macro": 0.014200170396134228,
    "f1_weighted": 0.4593816482777521
}