{
    "exam_score": 50.63291139240506,
    "precision": 57.6271186440678,
    "recall": 52.207293666026864,
    "f1_score": 54.78348439073514
}