{
    "no_format": 0.03375527426160337,
    "accuracy": 0.4409282700421941,
    "f1_micro": 0.4409282700421941,
    "f1_macro": 0.016992637384837122,
    "f1_weighted": 0.44784869880243194
}