{
    "exam_score": 50.0,
    "precision": 57.74946921443737,
    "recall": 52.207293666026864,
    "f1_score": 54.83870967741935
}