{
    "exam_score": 47.46835443037975,
    "precision": 54.54545454545454,
    "recall": 49.520153550863725,
    "f1_score": 51.91146881287726
}