{
    "accuracy": 38.45,
    "precision": 40.09384775808134,
    "recall": 38.45,
    "f1_score": 39.25472179683512
}