{
    "no_format": 0.0,
    "accuracy": 0.5253164556962026,
    "f1_micro": 0.5253164556962026,
    "f1_macro": 0.13845800734383265,
    "f1_weighted": 0.5082243198110642
}