{
    "exam_score": 52.53164556962025,
    "precision": 58.490566037735846,
    "recall": 53.550863723608444,
    "f1_score": 55.911823647294575
}