{
    "accuracy": 62.35000000000001,
    "precision": 62.35000000000001,
    "recall": 62.35000000000001,
    "f1_score": 62.35000000000001
}