{
    "exam_score": 53.37552742616034,
    "precision": 60.75949367088608,
    "recall": 55.27831094049904,
    "f1_score": 57.889447236180914
}