{
    "accuracy": 67.55,
    "precision": 68.06045340050377,
    "recall": 67.55,
    "f1_score": 67.80426599749059
}