{
    "accuracy": 33.4,
    "precision": 33.41670835417709,
    "recall": 33.4,
    "f1_score": 33.408352088022006
}