{
    "accuracy": 63.14999999999999,
    "precision": 63.14999999999999,
    "recall": 63.14999999999999,
    "f1_score": 63.14999999999999
}