{
    "accuracy": 45.75,
    "precision": 68.23266219239373,
    "recall": 45.75,
    "f1_score": 54.7740197545645
}