{
    "accuracy": 89.60000000000001,
    "precision": 89.60000000000001,
    "recall": 89.60000000000001,
    "f1_score": 89.60000000000001
}