{
    "accuracy": 21.2,
    "precision": 33.09914129586261,
    "recall": 21.2,
    "f1_score": 25.84577872599817
}