{
    "exam_score": 48.9451476793249,
    "precision": 55.69620253164557,
    "recall": 50.67178502879079,
    "f1_score": 53.065326633165824
}