{
    "accuracy": 34.9,
    "precision": 35.11066398390342,
    "recall": 34.9,
    "f1_score": 35.00501504513541
}