{
    "accuracy": 37.75,
    "precision": 39.67419863373621,
    "recall": 37.75,
    "f1_score": 38.68818857289264
}