{
    "exam_score": 79.12663755458516,
    "precision": 79.35590421139554,
    "recall": 83.93013100436681,
    "f1_score": 81.57894736842107
}