{
    "accuracy": 71.0,
    "precision": 71.14228456913828,
    "recall": 71.0,
    "f1_score": 71.07107107107106
}