{
    "accuracy": 67.4,
    "precision": 67.90931989924434,
    "recall": 67.4,
    "f1_score": 67.65370138017566
}