{
    "exam_score": 85.41484716157206,
    "precision": 85.41484716157206,
    "recall": 85.41484716157206,
    "f1_score": 85.41484716157206
}