{
    "exam_score": 86.11353711790393,
    "precision": 86.11353711790393,
    "recall": 86.11353711790393,
    "f1_score": 86.11353711790393
}