{
    "accuracy": 70.55,
    "precision": 70.76228686058175,
    "recall": 70.55,
    "f1_score": 70.65598397596395
}