{
    "exam_score": 48.10126582278481,
    "precision": 54.54545454545454,
    "recall": 49.520153550863725,
    "f1_score": 51.91146881287726
}