{
    "exam_score": 58.438818565400844,
    "precision": 65.24271844660194,
    "recall": 64.49136276391555,
    "f1_score": 64.86486486486488
}