{
    "accuracy": 35.05,
    "precision": 35.29707955689829,
    "recall": 35.05,
    "f1_score": 35.17310587054692
}