{
    "exam_score": 48.312236286919834,
    "precision": 54.85232067510548,
    "recall": 49.90403071017274,
    "f1_score": 52.26130653266331
}