{
    "exam_score": 86.2882096069869,
    "precision": 86.2882096069869,
    "recall": 86.2882096069869,
    "f1_score": 86.2882096069869
}