{
    "accuracy": 38.1,
    "precision": 39.979013641133264,
    "recall": 38.1,
    "f1_score": 39.01689708141321
}