{
    "accuracy": 68.0,
    "precision": 68.27309236947792,
    "recall": 68.0,
    "f1_score": 68.13627254509016
}