{
    "exam_score": 78.42794759825327,
    "precision": 78.43775427176566,
    "recall": 84.19213973799127,
    "f1_score": 81.21314237573714
}