{
    "accuracy": 57.3,
    "precision": 63.38495575221239,
    "recall": 57.3,
    "f1_score": 60.1890756302521
}