{
    "exam_score": 56.962025316455694,
    "precision": 64.34599156118144,
    "recall": 58.54126679462573,
    "f1_score": 61.30653266331658
}