{
    "accuracy": 18.35,
    "precision": 31.049069373942473,
    "recall": 18.35,
    "f1_score": 23.067253299811437
}