{
    "exam_score": 87.86026200873363,
    "precision": 87.86026200873363,
    "recall": 87.86026200873363,
    "f1_score": 87.86026200873363
}