{
    "accuracy": 68.05,
    "precision": 68.59879032258065,
    "recall": 68.05,
    "f1_score": 68.32329317269077
}