{"_runtime": 9659.613248586655, "_step": 68, "_timestamp": 1742661398.6093247, "train/completion_length": 95.90625, "train/epoch": 1.0634920634920635, "train/global_step": 67, "train/grad_norm": 1.7996470928192139, "train/kl": 0.0014405250549316406, "train/learning_rate": 4.886441257315372e-07, "train/loss": 0.0001, "train/reward": 0.75, "train/reward_std": 0.3535533845424652, "train/rewards/accuracy_reward": 0.09375, "train/rewards/format_reward": 0.09375, "train/rewards/image_reward": 0.5625}