{"_runtime": 9963.852409601212, "_step": 70, "_timestamp": 1742661702.8484857, "train/completion_length": 111.0625, "train/epoch": 1.0952380952380953, "train/global_step": 69, "train/grad_norm": 1.569949984550476, "train/kl": 0.000988006591796875, "train/learning_rate": 4.878807276065059e-07, "train/loss": 0.0, "train/reward": 0.78125, "train/reward_std": 0.5745242461562157, "train/rewards/accuracy_reward": 0.0625, "train/rewards/format_reward": 0.15625, "train/rewards/image_reward": 0.5625}