{
    "no_format": 0.0,
    "accuracy": 0.4978902953586498,
    "f1_micro": 0.4978902953586498,
    "f1_macro": 0.23130148621804203,
    "f1_weighted": 0.4877737945477297
}