{
    "exam_score": 49.78902953586498,
    "precision": 56.79012345679012,
    "recall": 52.97504798464492,
    "f1_score": 54.81628599801391
}