{
    "exam_score": 62.869198312236286,
    "precision": 67.6923076923077,
    "recall": 67.56238003838772,
    "f1_score": 67.6272814601345
}