{
    "exam_score": 50.63291139240506,
    "precision": 57.383966244725734,
    "recall": 52.207293666026864,
    "f1_score": 54.67336683417086
}