{
    "exam_score": 78.51528384279476,
    "precision": 78.30264211369095,
    "recall": 85.41484716157206,
    "f1_score": 81.70426065162908
}