{
    "exam_score": 85.32751091703057,
    "precision": 85.4020979020979,
    "recall": 85.32751091703057,
    "f1_score": 85.36478811708169
}