{
    "exam_score": 86.37554585152839,
    "precision": 86.37554585152839,
    "recall": 86.37554585152839,
    "f1_score": 86.37554585152839
}