{
    "exam_score": 88.20960698689956,
    "precision": 88.20960698689956,
    "recall": 88.20960698689956,
    "f1_score": 88.20960698689956
}