{
    "exam_score": 50.0,
    "precision": 55.907172995780584,
    "recall": 50.8637236084453,
    "f1_score": 53.266331658291456
}