{
    "exam_score": 58.438818565400844,
    "precision": 63.18785578747628,
    "recall": 63.91554702495201,
    "f1_score": 63.549618320610676
}