{
    "exam_score": 86.72489082969432,
    "precision": 86.72489082969432,
    "recall": 86.72489082969432,
    "f1_score": 86.72489082969432
}