{
    "accuracy": 34.5,
    "precision": 35.24004085801838,
    "recall": 34.5,
    "f1_score": 34.866093986862055
}