{
    "accuracy": 56.3,
    "precision": 66.50915534554046,
    "recall": 56.3,
    "f1_score": 60.98023287300297
}